{"cameraMode":{"drawMode":0,"name":"Shaded","section":"Shading Mode"},"sceneLighting":true,"audioPlay":false,"sceneViewState":{"showFog":true,"showMaterialUpdate":false,"showSkybox":true,"showFlares":true,"showImageEffects":true,"showParticleSystems":true,"showVisualEffectGraphs":true,"m_FxEnabled":true},"in2DMode":false,"pivot":{"x":15.498001098632813,"y":8.329999923706055,"z":-1.8000001907348633},"rotation":{"x":-0.11819307506084442,"y":-0.022340333089232446,"z":-0.0026597888208925726,"w":0.9927360415458679},"size":1.6983990669250489,"orthographic":true}