{"cameraMode":{"drawMode":0,"name":"Shaded","section":"Shading Mode"},"sceneLighting":true,"audioPlay":false,"sceneViewState":{"showFog":true,"showMaterialUpdate":false,"showSkybox":true,"showFlares":true,"showImageEffects":true,"showParticleSystems":true,"showVisualEffectGraphs":true,"m_FxEnabled":true},"in2DMode":false,"pivot":{"x":14.408717155456543,"y":1.6624341011047364,"z":36.3727912902832},"rotation":{"x":0.08389788866043091,"y":0.008968137204647065,"z":-0.0007551002781838179,"w":0.996434211730957},"size":16.435653686523439,"orthographic":false}