{"cameraMode":{"drawMode":0,"name":"Shaded","section":"Shading Mode"},"sceneLighting":true,"audioPlay":false,"sceneViewState":{"showFog":true,"showMaterialUpdate":false,"showSkybox":true,"showFlares":true,"showImageEffects":true,"showParticleSystems":true,"showVisualEffectGraphs":true,"m_FxEnabled":true},"in2DMode":false,"pivot":{"x":14.600973129272461,"y":16.934511184692384,"z":25.690406799316408},"rotation":{"x":-0.15948309004306794,"y":-0.01777379959821701,"z":-0.002871100325137377,"w":0.987053632736206},"size":12.231555938720704,"orthographic":false}