{"cameraMode":{"drawMode":0,"name":"Shaded","section":"Shading Mode"},"sceneLighting":true,"audioPlay":false,"sceneViewState":{"showFog":true,"showMaterialUpdate":false,"showSkybox":true,"showFlares":true,"showImageEffects":true,"showParticleSystems":true,"showVisualEffectGraphs":true,"m_FxEnabled":true},"in2DMode":false,"pivot":{"x":6.271381855010986,"y":1.070723056793213,"z":36.418113708496097},"rotation":{"x":0.08389788866043091,"y":0.008968137204647065,"z":-0.0007551002781838179,"w":0.996434211730957},"size":16.271493911743165,"orthographic":false}