{"cameraMode":{"drawMode":0,"name":"Shaded","section":"Shading Mode"},"sceneLighting":true,"audioPlay":false,"sceneViewState":{"showFog":true,"showMaterialUpdate":false,"showSkybox":true,"showFlares":true,"showImageEffects":true,"showParticleSystems":true,"showVisualEffectGraphs":true,"m_FxEnabled":true},"in2DMode":false,"pivot":{"x":8.274774551391602,"y":0.8257102966308594,"z":36.33894729614258},"rotation":{"x":0.08389788866043091,"y":0.008968137204647065,"z":-0.0007551002781838179,"w":0.996434211730957},"size":17.082660675048829,"orthographic":false}