{"cameraMode":{"drawMode":0,"name":"Shaded","section":"Shading Mode"},"sceneLighting":false,"audioPlay":false,"sceneViewState":{"showFog":true,"showMaterialUpdate":false,"showSkybox":false,"showFlares":true,"showImageEffects":true,"showParticleSystems":true,"showVisualEffectGraphs":true,"m_FxEnabled":true},"in2DMode":false,"pivot":{"x":6.436399936676025,"y":9.565160751342774,"z":7.187406539916992},"rotation":{"x":0.08389788866043091,"y":0.008968137204647065,"z":-0.0007551002781838179,"w":0.996434211730957},"size":0.09460899233818054,"orthographic":false}