{"cameraMode":{"drawMode":0,"name":"Shaded","section":"Shading Mode"},"sceneLighting":true,"audioPlay":false,"sceneViewState":{"showFog":true,"showMaterialUpdate":false,"showSkybox":true,"showFlares":true,"showImageEffects":true,"showParticleSystems":true,"showVisualEffectGraphs":true,"m_FxEnabled":true},"in2DMode":false,"pivot":{"x":15.498001098632813,"y":8.329999923706055,"z":-1.8000001907348633},"rotation":{"x":-0.003003788646310568,"y":0.9787907004356384,"z":-0.20433777570724488,"w":-0.014388189651072026},"size":12.124356269836426,"orthographic":false}